station,ligne,correspondance
Acadie,bleue,non
Angrignon,verte,non
Assomption,verte,non
Atwater,verte,non
Beaubien,orange,non
Beaudry,verte,non
Berri-UQAM,verte,oui
Bonaventure,orange,non
Cadillac,verte,non
Cartier,orange,non
Champ-de-Mars,orange,non
Charlevoix,verte,non
Cote-Sainte-Catherine,orange,non
Cote-Vertu,orange,non
Cote-des-Neiges,bleue,non
Cremazie,orange,non
D'Iberville,bleue,non
De Castelnau,bleue,non
De l'Eglise,verte,non
De la Concorde,orange,non
De la Savane,orange,non
Du College,orange,non
Edouard-Montpetit,bleue,non
Fabre,bleue,non
Frontenac,verte,non
Georges-Vanier,orange,non
Guy-Concordia,verte,non
Henri-Bourassa,orange,non
Honore-Beaugrand,verte,non
Jarry,orange,non
Jean-Drapeau,jaune,non
Jean-Talon,orange,oui
Jolicoeur,verte,non
Joliette,verte,non
LaSalle,verte,non
Langelier,verte,non
Laurier,orange,non
Lionel-Groulx,verte,oui
Longueuil,jaune,non
Lucien-L'Allier,orange,non
McGill,verte,non
Monk,verte,non
Mont-Royal,orange,non
Montmorency,orange,non
Namur,orange,non
Outremont,bleue,non
Papineau,verte,non
Parc,bleue,non
Peel,verte,non
Pie-IX,verte,non
Place-Saint-Henri,orange,non
Place-d'Armes,orange,non
Place-des-Arts,verte,non
Plamondon,orange,non
Prefontaine,verte,non
Radisson,verte,non
Rosemont,orange,non
Saint-Laurent,verte,non
Saint-Michel,bleue,non
Sauve,orange,non
Sherbrooke,orange,non
Snowdon,orange,oui
Square-Victoria,orange,non
Universite-de-Montreal,bleue,non
Vendome,orange,non
Verdun,verte,non
Viau,verte,non
Villa-Maria,orange,non
